{
  "model_architecture": "EfficientNetB0",
  "screening_accuracy": 0.8452380895614624,
  "deep_training_accuracy": 0.8849206566810608,
  "finetuning_accuracy": 0.9126983880996704,
  "total_improvement": 0.06746029853820801,
  "final_model_path": "saved_models/EfficientNetB0_finetuned_best.keras"
}